{"train_losses": [3.8059785024660853, 3.146764592049827, 2.9247698249951215, 2.9531066538582387, 2.8161298032097974, 2.7365508443313025, 2.6387316823565343, 2.481190623979613, 2.3900605031022444, 2.2812857541120106], "val_losses": [3.403470608755506, 3.2435246771397974, 3.090399676737403, 3.0368212355843074, 3.0976183907392154, 3.2561684117538516, 2.9935032863657183, 2.9395696633978736, 2.904720719856552, 2.832777759193871], "train_accuracy": 0.4234250091675834, "val_accuracy": 0.33821782178217824, "test_loss": 2.559432561148571, "test_accuracy": 0.3761188118811881}