{"train_losses": [2.2387805782573325, 2.176249099897107, 2.0324548565725764, 1.8590745742052375], "val_losses": [2.3181605681085387, 2.3841973372149567, 2.2018310078085728, 2.227040648460388], "train_accuracy": 0.5134433443344334, "val_accuracy": 0.44422442244224425, "test_loss": 2.4140952171592773, "test_accuracy": 0.4050693069306931}