{"train_losses": [0.0021913013547798835], "val_losses": [0.019716049548442856], "train_accuracy": 0.0, "val_accuracy": 0.0, "test_loss": 0.005620649796497973, "test_accuracy": 0.0}