{"train_losses": [0.0021769537052638093], "val_losses": [0.019670987431007095], "train_accuracy": 1.4668133480014669e-05, "val_accuracy": 0.0, "test_loss": 0.005200092701972286, "test_accuracy": 3.9603960396039605e-05}