{"train_losses": [4.305875582650234], "val_losses": [4.0756934031152525], "train_accuracy": 0.05235056839017235, "val_accuracy": 0.0836963696369637, "test_loss": 3.9983760307106793, "test_accuracy": 0.09386138613861386, "test_corrupted_loss": 5.127581811554824, "test_corrupted_accuracy": 0.019207920792079208}