{"train_losses": [4.241065021635781, 3.8537796079832622, 3.6031433963999504, 3.377778683022154, 3.1719654938424697, 2.9894317295629653, 2.8187409055065102, 2.6652829963276643, 2.512423078107162, 2.360001958983605], "val_losses": [4.05708472537592, 3.749336896566399, 3.4941667393793034, 3.374685324697052, 3.118814338611651, 3.0249952515469323, 2.9010162102019232, 2.7944713332985023, 2.776502995048394, 2.7327958813196496], "train_accuracy": 0.39892922625595895, "val_accuracy": 0.335973597359736, "test_loss": 2.5524007499972474, "test_accuracy": 0.3598019801980198}